user_id,contest_id,challenge_id,language,solved,created_at
56d47667c6a9242e,c8ff662c97d345d2,6d95afeb4d968b91,java,0,2011-08-07 00:36:53 UTC
56d47667c6a9242e,c8ff662c97d345d2,6d95afeb4d968b91,java,0,2011-08-07 00:38:45 UTC
56d47667c6a9242e,c8ff662c97d345d2,6d95afeb4d968b91,java,0,2011-08-07 00:43:49 UTC
56d47667c6a9242e,c8ff662c97d345d2,6d95afeb4d968b91,java,0,2011-08-07 00:52:34 UTC
56d47667c6a9242e,c8ff662c97d345d2,6d95afeb4d968b91,java,0,2011-08-07 00:56:52 UTC
56d47667c6a9242e,c8ff662c97d345d2,6d95afeb4d968b91,java,0,2011-08-07 01:04:22 UTC
56d47667c6a9242e,c8ff662c97d345d2,6d95afeb4d968b91,java,0,2011-08-07 01:07:56 UTC
56d47667c6a9242e,c8ff662c97d345d2,6d95afeb4d968b91,java,0,2011-08-07 01:12:00 UTC
56d47667c6a9242e,c8ff662c97d345d2,6d95afeb4d968b91,python,0,2011-08-07 10:48:48 UTC
56d47667c6a9242e,c8ff662c97d345d2,6d95afeb4d968b91,python,0,2011-08-07 12:49:36 UTC
661657184c3d9218,c8ff662c97d345d2,6d95afeb4d968b91,java,0,2011-08-08 07:24:53 UTC
05d5253080e43d9f,c8ff662c97d345d2,a4d04413ee4b0b24,ruby,0,2011-08-08 07:48:11 UTC
661657184c3d9218,c8ff662c97d345d2,a4d04413ee4b0b24,java,0,2011-08-08 16:43:37 UTC
661657184c3d9218,c8ff662c97d345d2,a4d04413ee4b0b24,java,0,2011-08-08 16:48:59 UTC
661657184c3d9218,c8ff662c97d345d2,127df5e318d03214,java,0,2011-08-08 16:53:53 UTC
2e6f65ce916e0717,c8ff662c97d345d2,6d95afeb4d968b91,ruby,0,2011-08-09 00:06:02 UTC
0f49d9761e9c8674,c8ff662c97d345d2,6d95afeb4d968b91,ruby,1,2011-08-09 06:21:28 UTC
0f49d9761e9c8674,c8ff662c97d345d2,a4d04413ee4b0b24,ruby,0,2011-08-09 08:01:16 UTC
2e6f65ce916e0717,c8ff662c97d345d2,127df5e318d03214,ruby,1,2011-08-09 23:00:23 UTC
2e6f65ce916e0717,c8ff662c97d345d2,a4d04413ee4b0b24,ruby,0,2011-08-09 23:45:36 UTC
2e6f65ce916e0717,c8ff662c97d345d2,a4d04413ee4b0b24,ruby,0,2011-08-09 23:50:19 UTC
2e6f65ce916e0717,c8ff662c97d345d2,a4d04413ee4b0b24,ruby,0,2011-08-10 00:14:38 UTC
2e6f65ce916e0717,c8ff662c97d345d2,a4d04413ee4b0b24,ruby,0,2011-08-10 00:17:36 UTC
2e6f65ce916e0717,c8ff662c97d345d2,a4d04413ee4b0b24,ruby,0,2011-08-10 05:33:17 UTC
2e6f65ce916e0717,c8ff662c97d345d2,a4d04413ee4b0b24,ruby,0,2011-08-10 17:45:11 UTC
2e6f65ce916e0717,c8ff662c97d345d2,a4d04413ee4b0b24,ruby,0,2011-08-10 17:54:46 UTC
2e6f65ce916e0717,c8ff662c97d345d2,a4d04413ee4b0b24,ruby,0,2011-08-10 17:56:23 UTC
2e6f65ce916e0717,c8ff662c97d345d2,a4d04413ee4b0b24,ruby,1,2011-08-10 18:00:25 UTC
2e6f65ce916e0717,c8ff662c97d345d2,95aa5f20dd6810f4,ruby,0,2011-08-19 01:01:26 UTC
2e6f65ce916e0717,c8ff662c97d345d2,95aa5f20dd6810f4,ruby,0,2011-08-19 04:01:50 UTC
2e6f65ce916e0717,c8ff662c97d345d2,95aa5f20dd6810f4,ruby,1,2011-08-20 01:06:39 UTC
2e6f65ce916e0717,c8ff662c97d345d2,77c995ae877308a5,ruby,0,2011-08-23 23:24:52 UTC
2e6f65ce916e0717,c8ff662c97d345d2,77c995ae877308a5,ruby,0,2011-08-24 02:09:16 UTC
2e6f65ce916e0717,c8ff662c97d345d2,77c995ae877308a5,java,1,2011-08-24 04:45:47 UTC
4d025499868b7b53,c8ff662c97d345d2,77c995ae877308a5,csharp,0,2011-08-25 09:26:20 UTC
ef8bff0286ecbf0e,c8ff662c97d345d2,77c995ae877308a5,python,0,2011-08-27 22:40:27 UTC
ef8bff0286ecbf0e,c8ff662c97d345d2,77c995ae877308a5,python,0,2011-08-27 23:05:56 UTC
30de5ed0c6363f94,c8ff662c97d345d2,77c995ae877308a5,cpp,0,2011-08-28 08:06:42 UTC
2175c7af765fcea6,c8ff662c97d345d2,77c995ae877308a5,perl,0,2011-08-29 02:59:46 UTC
2175c7af765fcea6,c8ff662c97d345d2,77c995ae877308a5,perl,0,2011-08-29 03:02:24 UTC
2175c7af765fcea6,c8ff662c97d345d2,77c995ae877308a5,perl,0,2011-08-29 03:03:12 UTC
2175c7af765fcea6,c8ff662c97d345d2,77c995ae877308a5,perl,0,2011-08-29 03:13:32 UTC
2137ef9f18093972,c8ff662c97d345d2,1219e2eb2c8541ab,cpp,0,2011-09-12 19:40:09 UTC
2137ef9f18093972,c8ff662c97d345d2,6d95afeb4d968b91,cpp,0,2011-09-12 20:02:19 UTC
209221210083cb2d,c8ff662c97d345d2,a4d04413ee4b0b24,java,0,2011-09-20 20:22:07 UTC
209221210083cb2d,c8ff662c97d345d2,a4d04413ee4b0b24,java,0,2011-09-20 20:39:35 UTC
209221210083cb2d,c8ff662c97d345d2,127df5e318d03214,java,1,2011-09-21 20:27:41 UTC
209221210083cb2d,c8ff662c97d345d2,a4d04413ee4b0b24,java,0,2011-09-24 07:19:27 UTC
209221210083cb2d,c8ff662c97d345d2,a4d04413ee4b0b24,java,0,2011-09-24 07:22:24 UTC
209221210083cb2d,c8ff662c97d345d2,a4d04413ee4b0b24,java,0,2011-09-25 19:34:54 UTC
209221210083cb2d,c8ff662c97d345d2,a4d04413ee4b0b24,java,0,2011-09-26 19:40:31 UTC
209221210083cb2d,c8ff662c97d345d2,a4d04413ee4b0b24,java,0,2011-09-26 21:13:53 UTC
209221210083cb2d,c8ff662c97d345d2,a4d04413ee4b0b24,java,1,2011-09-26 21:19:02 UTC
209221210083cb2d,c8ff662c97d345d2,77c995ae877308a5,java,0,2011-09-27 06:17:16 UTC
209221210083cb2d,c8ff662c97d345d2,77c995ae877308a5,java,0,2011-09-27 09:58:55 UTC
209221210083cb2d,c8ff662c97d345d2,77c995ae877308a5,java,0,2011-09-27 10:10:11 UTC
209221210083cb2d,c8ff662c97d345d2,6d95afeb4d968b91,java,1,2011-09-27 18:41:04 UTC
209221210083cb2d,c8ff662c97d345d2,2c85a2ea2f9e611e,java,0,2011-09-27 21:07:06 UTC
209221210083cb2d,c8ff662c97d345d2,7b23d0f53a5041e6,java,0,2011-09-29 14:20:36 UTC
209221210083cb2d,c8ff662c97d345d2,7b23d0f53a5041e6,java,0,2011-09-29 14:21:03 UTC
209221210083cb2d,c8ff662c97d345d2,7b23d0f53a5041e6,java,0,2011-09-30 08:41:22 UTC
209221210083cb2d,c8ff662c97d345d2,7b23d0f53a5041e6,java,0,2011-09-30 09:10:14 UTC
209221210083cb2d,c8ff662c97d345d2,7b23d0f53a5041e6,java,0,2011-09-30 10:00:20 UTC
209221210083cb2d,c8ff662c97d345d2,7b23d0f53a5041e6,java,0,2011-09-30 10:12:29 UTC
209221210083cb2d,c8ff662c97d345d2,7b23d0f53a5041e6,java,0,2011-09-30 13:24:25 UTC
209221210083cb2d,c8ff662c97d345d2,7b23d0f53a5041e6,java,1,2011-10-05 12:56:48 UTC
84906a6239e7b3f9,c8ff662c97d345d2,6d95afeb4d968b91,php,0,2011-10-19 19:57:40 UTC
84906a6239e7b3f9,c8ff662c97d345d2,6d95afeb4d968b91,ruby,0,2011-10-19 20:10:06 UTC
32914cdd2c811ad4,c8ff662c97d345d2,1219e2eb2c8541ab,cpp,0,2011-10-20 14:32:18 UTC
32914cdd2c811ad4,c8ff662c97d345d2,1219e2eb2c8541ab,cpp,0,2011-10-20 14:38:05 UTC
32914cdd2c811ad4,c8ff662c97d345d2,6d95afeb4d968b91,cpp,1,2011-10-20 14:54:18 UTC
32914cdd2c811ad4,c8ff662c97d345d2,1219e2eb2c8541ab,c,0,2011-10-21 03:20:01 UTC
32914cdd2c811ad4,c8ff662c97d345d2,1219e2eb2c8541ab,cpp,0,2011-10-21 03:21:03 UTC
32914cdd2c811ad4,c8ff662c97d345d2,1219e2eb2c8541ab,cpp,0,2011-10-21 03:22:34 UTC
32914cdd2c811ad4,c8ff662c97d345d2,1219e2eb2c8541ab,cpp,0,2011-10-21 03:26:00 UTC
32914cdd2c811ad4,c8ff662c97d345d2,a4d04413ee4b0b24,cpp,0,2011-10-22 14:13:52 UTC
32914cdd2c811ad4,c8ff662c97d345d2,a4d04413ee4b0b24,c,0,2011-10-22 14:18:53 UTC
32914cdd2c811ad4,c8ff662c97d345d2,a4d04413ee4b0b24,c,0,2011-10-22 14:21:11 UTC
32914cdd2c811ad4,c8ff662c97d345d2,a4d04413ee4b0b24,c,0,2011-10-22 14:22:50 UTC
32914cdd2c811ad4,c8ff662c97d345d2,a4d04413ee4b0b24,cpp,0,2011-10-22 14:36:36 UTC
32914cdd2c811ad4,c8ff662c97d345d2,a4d04413ee4b0b24,c,0,2011-10-22 14:41:44 UTC
32914cdd2c811ad4,c8ff662c97d345d2,a4d04413ee4b0b24,python,0,2011-10-22 15:17:34 UTC
32914cdd2c811ad4,c8ff662c97d345d2,a4d04413ee4b0b24,cpp,0,2011-10-22 15:24:33 UTC
32914cdd2c811ad4,c8ff662c97d345d2,a4d04413ee4b0b24,cpp,0,2011-10-28 14:29:36 UTC
32914cdd2c811ad4,c8ff662c97d345d2,a4d04413ee4b0b24,cpp,0,2011-10-28 14:32:38 UTC
32914cdd2c811ad4,c8ff662c97d345d2,a4d04413ee4b0b24,cpp,0,2011-10-28 14:36:09 UTC
32914cdd2c811ad4,c8ff662c97d345d2,a4d04413ee4b0b24,cpp,0,2011-10-28 14:39:16 UTC
32914cdd2c811ad4,c8ff662c97d345d2,a4d04413ee4b0b24,cpp,0,2011-10-28 14:43:34 UTC
32914cdd2c811ad4,c8ff662c97d345d2,a4d04413ee4b0b24,cpp,0,2011-10-28 14:50:57 UTC
32914cdd2c811ad4,c8ff662c97d345d2,a4d04413ee4b0b24,cpp,0,2011-10-28 14:55:45 UTC
05d5253080e43d9f,c8ff662c97d345d2,e063f6ab7a00925d,c,0,2011-11-08 00:15:55 UTC
21cd2d333867ce4c,c8ff662c97d345d2,6d95afeb4d968b91,cpp,0,2011-11-11 10:45:48 UTC
21cd2d333867ce4c,c8ff662c97d345d2,6d95afeb4d968b91,c,0,2011-11-11 10:56:50 UTC
21cd2d333867ce4c,c8ff662c97d345d2,6d95afeb4d968b91,c,0,2011-11-11 10:58:01 UTC
04d76fb2cd35d996,c8ff662c97d345d2,e063f6ab7a00925d,php,0,2011-11-12 12:39:45 UTC
04d76fb2cd35d996,c8ff662c97d345d2,e063f6ab7a00925d,php,0,2011-11-12 12:41:12 UTC
04d76fb2cd35d996,c8ff662c97d345d2,e063f6ab7a00925d,php,0,2011-11-12 12:43:56 UTC
04d76fb2cd35d996,c8ff662c97d345d2,e063f6ab7a00925d,php,0,2011-11-12 12:46:54 UTC
04d76fb2cd35d996,c8ff662c97d345d2,e063f6ab7a00925d,php,0,2011-11-12 12:50:14 UTC
04d76fb2cd35d996,c8ff662c97d345d2,e063f6ab7a00925d,php,0,2011-11-12 13:05:05 UTC
04d76fb2cd35d996,c8ff662c97d345d2,e063f6ab7a00925d,php,0,2011-11-12 13:06:06 UTC
04d76fb2cd35d996,c8ff662c97d345d2,e063f6ab7a00925d,php,0,2011-11-12 13:08:11 UTC
04d76fb2cd35d996,c8ff662c97d345d2,e063f6ab7a00925d,php,0,2011-11-12 13:09:34 UTC
04d76fb2cd35d996,c8ff662c97d345d2,e063f6ab7a00925d,ruby,0,2011-11-12 13:14:53 UTC
04d76fb2cd35d996,c8ff662c97d345d2,e063f6ab7a00925d,php,0,2011-11-12 13:30:59 UTC
04d76fb2cd35d996,c8ff662c97d345d2,e063f6ab7a00925d,php,0,2011-11-12 13:41:42 UTC
04d76fb2cd35d996,c8ff662c97d345d2,e063f6ab7a00925d,php,0,2011-11-12 13:42:45 UTC
04d76fb2cd35d996,c8ff662c97d345d2,e063f6ab7a00925d,php,0,2011-11-12 13:46:00 UTC
04d76fb2cd35d996,c8ff662c97d345d2,e063f6ab7a00925d,php,0,2011-11-12 14:15:10 UTC
ca4a70659e407c82,c8ff662c97d345d2,e063f6ab7a00925d,c,0,2011-11-15 06:22:20 UTC
ca4a70659e407c82,c8ff662c97d345d2,e063f6ab7a00925d,c,0,2011-11-15 06:31:21 UTC
ca4a70659e407c82,c8ff662c97d345d2,e063f6ab7a00925d,python,0,2011-11-15 07:27:50 UTC
04d76fb2cd35d996,c8ff662c97d345d2,e063f6ab7a00925d,php,0,2011-11-15 09:05:46 UTC
04d76fb2cd35d996,c8ff662c97d345d2,e063f6ab7a00925d,php,0,2011-11-15 09:06:24 UTC
ca4a70659e407c82,c8ff662c97d345d2,030abce42f870949,python,0,2011-11-15 09:47:26 UTC
7dc479beaebcc30f,c8ff662c97d345d2,e063f6ab7a00925d,ruby,0,2011-11-19 23:42:08 UTC
a14b5b67b256ec7b,c8ff662c97d345d2,7b23d0f53a5041e6,c,0,2011-11-20 00:19:34 UTC
a14b5b67b256ec7b,c8ff662c97d345d2,7b23d0f53a5041e6,cpp,0,2011-11-20 00:20:22 UTC
7dc479beaebcc30f,c8ff662c97d345d2,e063f6ab7a00925d,ruby,0,2011-11-20 00:59:06 UTC
7dc479beaebcc30f,c8ff662c97d345d2,e063f6ab7a00925d,ruby,0,2011-11-20 01:01:44 UTC
7dc479beaebcc30f,c8ff662c97d345d2,e063f6ab7a00925d,ruby,0,2011-11-20 01:10:03 UTC
7dc479beaebcc30f,c8ff662c97d345d2,e063f6ab7a00925d,ruby,0,2011-11-20 01:22:36 UTC
61cb0202e9992b74,c8ff662c97d345d2,e063f6ab7a00925d,cpp,0,2011-11-26 03:04:56 UTC
2b1413993990ca82,c8ff662c97d345d2,e063f6ab7a00925d,java,0,2011-12-03 08:20:15 UTC
2b1413993990ca82,c8ff662c97d345d2,e063f6ab7a00925d,java,0,2011-12-03 08:31:57 UTC
2b1413993990ca82,c8ff662c97d345d2,29f66142f6e0fed2,java,0,2011-12-03 10:11:08 UTC
2b1413993990ca82,c8ff662c97d345d2,6d95afeb4d968b91,java,0,2011-12-03 11:43:06 UTC
2b1413993990ca82,c8ff662c97d345d2,29f66142f6e0fed2,java,0,2011-12-04 07:15:41 UTC
2b1413993990ca82,c8ff662c97d345d2,6d95afeb4d968b91,java,0,2011-12-04 07:25:22 UTC
1d08da3a6b512153,c8ff662c97d345d2,60c1cbfd93eae4ef,cpp,0,2011-12-11 08:56:17 UTC
79071d9ef8b0d49f,c8ff662c97d345d2,e063f6ab7a00925d,c,0,2011-12-16 07:42:50 UTC
79071d9ef8b0d49f,c8ff662c97d345d2,e063f6ab7a00925d,c,1,2011-12-16 19:54:15 UTC
460e8feae5afcce9,c8ff662c97d345d2,60c1cbfd93eae4ef,java,0,2011-12-18 09:31:10 UTC
79071d9ef8b0d49f,c8ff662c97d345d2,54b24caeab906212,c,0,2011-12-18 14:07:36 UTC
79071d9ef8b0d49f,c8ff662c97d345d2,54b24caeab906212,c,0,2011-12-18 15:02:28 UTC
79071d9ef8b0d49f,c8ff662c97d345d2,54b24caeab906212,c,0,2011-12-18 15:26:06 UTC
79071d9ef8b0d49f,c8ff662c97d345d2,54b24caeab906212,c,0,2011-12-18 15:32:34 UTC
79071d9ef8b0d49f,c8ff662c97d345d2,9fc95af518af1801,cpp,0,2011-12-20 00:32:57 UTC
79071d9ef8b0d49f,c8ff662c97d345d2,54b24caeab906212,c,0,2011-12-20 12:35:08 UTC
266d114d733af38d,c8ff662c97d345d2,54b24caeab906212,java,0,2011-12-23 09:52:21 UTC
266d114d733af38d,c8ff662c97d345d2,54b24caeab906212,java,0,2011-12-23 10:15:43 UTC
6f6de19a0247471d,c8ff662c97d345d2,e063f6ab7a00925d,c,0,2011-12-23 14:55:28 UTC
6f6de19a0247471d,c8ff662c97d345d2,e063f6ab7a00925d,c,0,2011-12-23 15:21:26 UTC
6f6de19a0247471d,c8ff662c97d345d2,e063f6ab7a00925d,java,0,2011-12-24 20:45:05 UTC
6f6de19a0247471d,c8ff662c97d345d2,e063f6ab7a00925d,c,0,2011-12-24 22:55:36 UTC
6f6de19a0247471d,c8ff662c97d345d2,e063f6ab7a00925d,c,1,2011-12-25 20:53:38 UTC
6f6de19a0247471d,c8ff662c97d345d2,29f66142f6e0fed2,c,0,2011-12-26 01:23:17 UTC
6f6de19a0247471d,c8ff662c97d345d2,29f66142f6e0fed2,c,0,2011-12-26 03:04:30 UTC
427b63fe56f931c3,c8ff662c97d345d2,54b24caeab906212,java,0,2011-12-26 10:22:29 UTC
427b63fe56f931c3,c8ff662c97d345d2,54b24caeab906212,java,0,2011-12-26 10:35:25 UTC
427b63fe56f931c3,c8ff662c97d345d2,54b24caeab906212,java,0,2011-12-26 10:44:10 UTC
427b63fe56f931c3,c8ff662c97d345d2,54b24caeab906212,java,0,2011-12-26 11:37:38 UTC
427b63fe56f931c3,c8ff662c97d345d2,54b24caeab906212,java,0,2011-12-26 12:27:06 UTC
6f6de19a0247471d,c8ff662c97d345d2,29f66142f6e0fed2,c,0,2011-12-26 13:08:47 UTC
427b63fe56f931c3,c8ff662c97d345d2,54b24caeab906212,java,0,2011-12-26 14:20:23 UTC
6f6de19a0247471d,c8ff662c97d345d2,29f66142f6e0fed2,c,0,2011-12-26 15:19:12 UTC
427b63fe56f931c3,c8ff662c97d345d2,54b24caeab906212,java,0,2011-12-26 16:08:45 UTC
6f6de19a0247471d,c8ff662c97d345d2,29f66142f6e0fed2,c,0,2011-12-26 20:20:27 UTC
6f6de19a0247471d,c8ff662c97d345d2,29f66142f6e0fed2,c,0,2011-12-26 20:41:57 UTC
6f6de19a0247471d,c8ff662c97d345d2,54b24caeab906212,c,0,2011-12-26 23:22:03 UTC
6f6de19a0247471d,c8ff662c97d345d2,54b24caeab906212,java,0,2011-12-26 23:42:45 UTC
412599f7128d78c4,c8ff662c97d345d2,a4d04413ee4b0b24,c,0,2011-12-27 11:52:11 UTC
6f6de19a0247471d,c8ff662c97d345d2,29f66142f6e0fed2,c,0,2011-12-27 12:42:43 UTC
6f6de19a0247471d,c8ff662c97d345d2,54b24caeab906212,c,0,2011-12-27 15:37:22 UTC
6f6de19a0247471d,c8ff662c97d345d2,54b24caeab906212,java,0,2011-12-27 16:09:44 UTC
6f6de19a0247471d,c8ff662c97d345d2,54b24caeab906212,c,0,2011-12-27 18:57:00 UTC
6f6de19a0247471d,c8ff662c97d345d2,54b24caeab906212,c,0,2011-12-27 19:01:44 UTC
412599f7128d78c4,c8ff662c97d345d2,a4d04413ee4b0b24,c,0,2011-12-27 23:29:06 UTC
412599f7128d78c4,c8ff662c97d345d2,a4d04413ee4b0b24,c,0,2011-12-28 00:01:21 UTC
412599f7128d78c4,c8ff662c97d345d2,a4d04413ee4b0b24,c,1,2011-12-28 00:14:25 UTC
412599f7128d78c4,c8ff662c97d345d2,6d95afeb4d968b91,cpp,1,2011-12-28 00:53:26 UTC
6f6de19a0247471d,c8ff662c97d345d2,6d95afeb4d968b91,java,1,2011-12-28 13:38:59 UTC
6f6de19a0247471d,c8ff662c97d345d2,29f66142f6e0fed2,cpp,0,2011-12-28 22:45:16 UTC
6f6de19a0247471d,c8ff662c97d345d2,29f66142f6e0fed2,cpp,0,2011-12-28 22:48:46 UTC
6f6de19a0247471d,c8ff662c97d345d2,29f66142f6e0fed2,cpp,0,2011-12-29 00:22:11 UTC
6f6de19a0247471d,c8ff662c97d345d2,54b24caeab906212,python,0,2011-12-29 02:02:39 UTC
6f6de19a0247471d,c8ff662c97d345d2,54b24caeab906212,python,0,2011-12-29 02:09:42 UTC
6f6de19a0247471d,c8ff662c97d345d2,54b24caeab906212,python,0,2011-12-29 02:37:36 UTC
412599f7128d78c4,c8ff662c97d345d2,0f7e31aa333343e7,c,1,2011-12-29 08:57:22 UTC
6f6de19a0247471d,c8ff662c97d345d2,29f66142f6e0fed2,c,0,2011-12-29 18:15:45 UTC
6f6de19a0247471d,c8ff662c97d345d2,a4d04413ee4b0b24,cpp,0,2011-12-29 23:16:23 UTC
6f6de19a0247471d,c8ff662c97d345d2,a4d04413ee4b0b24,cpp,0,2011-12-30 01:11:53 UTC
6f6de19a0247471d,c8ff662c97d345d2,a4d04413ee4b0b24,cpp,0,2011-12-30 01:26:12 UTC
6f6de19a0247471d,c8ff662c97d345d2,a4d04413ee4b0b24,cpp,0,2011-12-30 02:07:30 UTC
6f6de19a0247471d,c8ff662c97d345d2,a4d04413ee4b0b24,cpp,0,2011-12-30 02:10:48 UTC
6f6de19a0247471d,c8ff662c97d345d2,a4d04413ee4b0b24,cpp,0,2011-12-30 02:34:27 UTC
6f6de19a0247471d,c8ff662c97d345d2,a4d04413ee4b0b24,cpp,0,2011-12-30 02:54:09 UTC
6f6de19a0247471d,c8ff662c97d345d2,a4d04413ee4b0b24,cpp,0,2011-12-30 02:58:39 UTC
6f6de19a0247471d,c8ff662c97d345d2,a4d04413ee4b0b24,cpp,0,2011-12-30 03:21:01 UTC
6f6de19a0247471d,c8ff662c97d345d2,a4d04413ee4b0b24,cpp,0,2011-12-30 03:23:15 UTC
6f6de19a0247471d,c8ff662c97d345d2,a4d04413ee4b0b24,cpp,0,2011-12-30 03:28:46 UTC
6f6de19a0247471d,c8ff662c97d345d2,a4d04413ee4b0b24,cpp,0,2011-12-30 03:29:42 UTC
6f6de19a0247471d,c8ff662c97d345d2,a4d04413ee4b0b24,cpp,0,2011-12-30 03:37:49 UTC
6f6de19a0247471d,c8ff662c97d345d2,a4d04413ee4b0b24,cpp,0,2011-12-30 03:39:05 UTC
6f6de19a0247471d,c8ff662c97d345d2,a4d04413ee4b0b24,cpp,0,2011-12-30 12:22:55 UTC
624918ef3dd079bd,c8ff662c97d345d2,784eead0f87cad91,cpp,0,2011-12-31 10:20:27 UTC
624918ef3dd079bd,c8ff662c97d345d2,784eead0f87cad91,cpp,0,2011-12-31 11:37:33 UTC
6f6de19a0247471d,c8ff662c97d345d2,a4d04413ee4b0b24,cpp,0,2011-12-31 13:26:24 UTC
6f6de19a0247471d,c8ff662c97d345d2,77c995ae877308a5,cpp,0,2011-12-31 14:34:24 UTC
6f6de19a0247471d,c8ff662c97d345d2,77c995ae877308a5,cpp,0,2011-12-31 19:15:03 UTC
624918ef3dd079bd,c8ff662c97d345d2,784eead0f87cad91,cpp,0,2012-01-01 07:04:56 UTC
6f6de19a0247471d,c8ff662c97d345d2,29f66142f6e0fed2,cpp,0,2012-01-01 16:47:57 UTC
412599f7128d78c4,c8ff662c97d345d2,2c85a2ea2f9e611e,c,0,2012-01-02 09:32:52 UTC
63f89038f759c659,c8ff662c97d345d2,5f3425c78f6bdc03,java,0,2012-01-02 10:19:21 UTC
63f89038f759c659,c8ff662c97d345d2,5f3425c78f6bdc03,java,0,2012-01-02 10:50:20 UTC
6f6de19a0247471d,c8ff662c97d345d2,29f66142f6e0fed2,cpp,0,2012-01-03 13:05:50 UTC
6f6de19a0247471d,c8ff662c97d345d2,29f66142f6e0fed2,cpp,0,2012-01-03 13:08:37 UTC
6f6de19a0247471d,c8ff662c97d345d2,29f66142f6e0fed2,cpp,0,2012-01-03 16:34:15 UTC
6f6de19a0247471d,c8ff662c97d345d2,29f66142f6e0fed2,cpp,0,2012-01-05 15:01:46 UTC
51ec246e04b00746,c8ff662c97d345d2,6d95afeb4d968b91,ruby,1,2012-01-06 14:13:19 UTC
bdcfece2a3d14543,c8ff662c97d345d2,54b24caeab906212,csharp,0,2012-01-06 23:33:03 UTC
bdcfece2a3d14543,c8ff662c97d345d2,54b24caeab906212,csharp,0,2012-01-06 23:55:03 UTC
bdcfece2a3d14543,c8ff662c97d345d2,54b24caeab906212,csharp,0,2012-01-07 00:00:59 UTC
bdcfece2a3d14543,c8ff662c97d345d2,54b24caeab906212,csharp,0,2012-01-07 00:03:43 UTC
6f6de19a0247471d,c8ff662c97d345d2,29f66142f6e0fed2,cpp,0,2012-01-07 12:19:45 UTC
6f6de19a0247471d,c8ff662c97d345d2,29f66142f6e0fed2,cpp,0,2012-01-07 12:32:47 UTC
6f6de19a0247471d,c8ff662c97d345d2,29f66142f6e0fed2,cpp,0,2012-01-07 12:34:58 UTC
6f6de19a0247471d,c8ff662c97d345d2,29f66142f6e0fed2,cpp,0,2012-01-07 13:01:01 UTC
6f6de19a0247471d,c8ff662c97d345d2,29f66142f6e0fed2,cpp,0,2012-01-07 13:33:59 UTC
6f6de19a0247471d,c8ff662c97d345d2,29f66142f6e0fed2,cpp,0,2012-01-07 14:39:19 UTC
6f6de19a0247471d,c8ff662c97d345d2,29f66142f6e0fed2,cpp,0,2012-01-07 14:41:24 UTC
6f6de19a0247471d,c8ff662c97d345d2,29f66142f6e0fed2,cpp,0,2012-01-07 14:48:17 UTC
6f6de19a0247471d,c8ff662c97d345d2,a4d04413ee4b0b24,cpp,0,2012-01-07 16:07:42 UTC
6f6de19a0247471d,c8ff662c97d345d2,a4d04413ee4b0b24,cpp,0,2012-01-07 16:20:55 UTC
6f6de19a0247471d,c8ff662c97d345d2,a4d04413ee4b0b24,cpp,0,2012-01-07 16:24:39 UTC
6f6de19a0247471d,c8ff662c97d345d2,a4d04413ee4b0b24,cpp,0,2012-01-07 16:30:47 UTC
6f6de19a0247471d,c8ff662c97d345d2,a4d04413ee4b0b24,cpp,0,2012-01-07 21:15:52 UTC
32914cdd2c811ad4,c8ff662c97d345d2,5f3425c78f6bdc03,cpp,0,2012-01-08 07:34:20 UTC
32914cdd2c811ad4,c8ff662c97d345d2,5f3425c78f6bdc03,cpp,0,2012-01-08 07:35:48 UTC
32914cdd2c811ad4,c8ff662c97d345d2,5f3425c78f6bdc03,cpp,0,2012-01-08 07:55:19 UTC
32914cdd2c811ad4,c8ff662c97d345d2,5f3425c78f6bdc03,cpp,0,2012-01-08 07:58:06 UTC
32914cdd2c811ad4,c8ff662c97d345d2,54b24caeab906212,cpp,0,2012-01-08 08:26:09 UTC
32914cdd2c811ad4,c8ff662c97d345d2,54b24caeab906212,cpp,0,2012-01-08 08:28:43 UTC
32914cdd2c811ad4,c8ff662c97d345d2,54b24caeab906212,c,0,2012-01-08 08:29:35 UTC
32914cdd2c811ad4,c8ff662c97d345d2,54b24caeab906212,c,0,2012-01-08 08:38:20 UTC
f502e19b9b19c73e,c8ff662c97d345d2,5f3425c78f6bdc03,cpp,0,2012-01-08 11:14:10 UTC
f502e19b9b19c73e,c8ff662c97d345d2,5f3425c78f6bdc03,cpp,0,2012-01-08 11:51:33 UTC
f502e19b9b19c73e,c8ff662c97d345d2,5f3425c78f6bdc03,cpp,0,2012-01-08 16:05:44 UTC
f502e19b9b19c73e,c8ff662c97d345d2,5f3425c78f6bdc03,cpp,0,2012-01-08 16:07:12 UTC
10d14fec26d9031f,c8ff662c97d345d2,5f3425c78f6bdc03,java,0,2012-01-08 20:35:39 UTC
10d14fec26d9031f,c8ff662c97d345d2,5f3425c78f6bdc03,java,0,2012-01-08 20:40:15 UTC
6f6de19a0247471d,c8ff662c97d345d2,29f66142f6e0fed2,cpp,0,2012-01-08 23:10:51 UTC
6f6de19a0247471d,c8ff662c97d345d2,29f66142f6e0fed2,cpp,0,2012-01-08 23:25:22 UTC
6f6de19a0247471d,c8ff662c97d345d2,29f66142f6e0fed2,cpp,0,2012-01-08 23:33:24 UTC
6f6de19a0247471d,c8ff662c97d345d2,29f66142f6e0fed2,cpp,0,2012-01-08 23:43:08 UTC
6f6de19a0247471d,c8ff662c97d345d2,29f66142f6e0fed2,cpp,0,2012-01-08 23:54:46 UTC
6f6de19a0247471d,c8ff662c97d345d2,29f66142f6e0fed2,java,0,2012-01-09 00:39:54 UTC
6f6de19a0247471d,c8ff662c97d345d2,29f66142f6e0fed2,java,0,2012-01-09 00:57:18 UTC
f502e19b9b19c73e,c8ff662c97d345d2,69e786351bf94d3b,cpp,0,2012-01-09 09:02:41 UTC
f502e19b9b19c73e,c8ff662c97d345d2,69e786351bf94d3b,cpp,0,2012-01-09 09:04:22 UTC
f502e19b9b19c73e,c8ff662c97d345d2,69e786351bf94d3b,cpp,0,2012-01-09 09:24:55 UTC
f502e19b9b19c73e,c8ff662c97d345d2,69e786351bf94d3b,cpp,0,2012-01-09 09:26:55 UTC
f502e19b9b19c73e,c8ff662c97d345d2,69e786351bf94d3b,cpp,0,2012-01-09 09:38:38 UTC
f502e19b9b19c73e,c8ff662c97d345d2,69e786351bf94d3b,cpp,0,2012-01-09 09:51:12 UTC
f502e19b9b19c73e,c8ff662c97d345d2,69e786351bf94d3b,cpp,0,2012-01-09 10:10:55 UTC
f502e19b9b19c73e,c8ff662c97d345d2,69e786351bf94d3b,cpp,0,2012-01-09 10:15:03 UTC
f502e19b9b19c73e,c8ff662c97d345d2,69e786351bf94d3b,cpp,0,2012-01-09 10:35:10 UTC
51ec246e04b00746,c8ff662c97d345d2,e063f6ab7a00925d,ruby,0,2012-01-09 14:22:07 UTC
51ec246e04b00746,c8ff662c97d345d2,e063f6ab7a00925d,ruby,0,2012-01-09 14:28:05 UTC
f502e19b9b19c73e,c8ff662c97d345d2,9fc95af518af1801,cpp,0,2012-01-09 19:17:54 UTC
dc7f91d4f9531fe3,c8ff662c97d345d2,54b24caeab906212,java,0,2012-01-10 02:51:13 UTC
51ec246e04b00746,c8ff662c97d345d2,784eead0f87cad91,ruby,1,2012-01-10 13:29:51 UTC
dc7f91d4f9531fe3,c8ff662c97d345d2,54b24caeab906212,java,0,2012-01-10 18:03:37 UTC
dc7f91d4f9531fe3,c8ff662c97d345d2,54b24caeab906212,java,0,2012-01-11 02:35:37 UTC
9b50637cf29af3f9,c8ff662c97d345d2,5f3425c78f6bdc03,cpp,0,2012-01-12 00:29:11 UTC
9b50637cf29af3f9,c8ff662c97d345d2,5f3425c78f6bdc03,cpp,0,2012-01-12 00:34:13 UTC
9b50637cf29af3f9,c8ff662c97d345d2,5f3425c78f6bdc03,cpp,0,2012-01-12 00:40:27 UTC
9b50637cf29af3f9,c8ff662c97d345d2,5f3425c78f6bdc03,cpp,0,2012-01-12 00:45:02 UTC
9b50637cf29af3f9,c8ff662c97d345d2,5f3425c78f6bdc03,cpp,0,2012-01-12 00:46:07 UTC
9b50637cf29af3f9,c8ff662c97d345d2,5f3425c78f6bdc03,cpp,0,2012-01-12 00:52:55 UTC
9b3d21042787c3f8,c8ff662c97d345d2,5f3425c78f6bdc03,python,0,2012-01-12 01:12:50 UTC
10d14fec26d9031f,c8ff662c97d345d2,5f3425c78f6bdc03,java,0,2012-01-12 01:13:26 UTC
10d14fec26d9031f,c8ff662c97d345d2,5f3425c78f6bdc03,java,0,2012-01-12 01:17:28 UTC
9b50637cf29af3f9,c8ff662c97d345d2,5f3425c78f6bdc03,cpp,0,2012-01-12 01:23:15 UTC
10d14fec26d9031f,c8ff662c97d345d2,5f3425c78f6bdc03,java,0,2012-01-12 01:54:30 UTC
9b3d21042787c3f8,c8ff662c97d345d2,5f3425c78f6bdc03,python,0,2012-01-12 01:58:35 UTC
9b3d21042787c3f8,c8ff662c97d345d2,5f3425c78f6bdc03,python,0,2012-01-12 02:10:34 UTC
10d14fec26d9031f,c8ff662c97d345d2,5f3425c78f6bdc03,java,0,2012-01-12 13:19:23 UTC
9b50637cf29af3f9,c8ff662c97d345d2,e063f6ab7a00925d,cpp,0,2012-01-12 22:45:26 UTC
10d14fec26d9031f,c8ff662c97d345d2,5f3425c78f6bdc03,java,0,2012-01-12 23:01:39 UTC
9b3d21042787c3f8,c8ff662c97d345d2,2c85a2ea2f9e611e,python,0,2012-01-13 01:37:20 UTC
10d14fec26d9031f,c8ff662c97d345d2,5f3425c78f6bdc03,java,0,2012-01-13 01:43:50 UTC
10d14fec26d9031f,c8ff662c97d345d2,5f3425c78f6bdc03,java,0,2012-01-13 01:44:36 UTC
10d14fec26d9031f,c8ff662c97d345d2,5f3425c78f6bdc03,java,0,2012-01-13 01:45:00 UTC
10d14fec26d9031f,c8ff662c97d345d2,5f3425c78f6bdc03,java,0,2012-01-13 02:17:01 UTC
10d14fec26d9031f,c8ff662c97d345d2,5f3425c78f6bdc03,java,0,2012-01-13 02:18:58 UTC
10d14fec26d9031f,c8ff662c97d345d2,5f3425c78f6bdc03,java,0,2012-01-13 02:27:19 UTC
10d14fec26d9031f,c8ff662c97d345d2,5f3425c78f6bdc03,java,0,2012-01-13 02:35:10 UTC
10d14fec26d9031f,c8ff662c97d345d2,5f3425c78f6bdc03,java,0,2012-01-13 02:43:53 UTC
10d14fec26d9031f,c8ff662c97d345d2,5f3425c78f6bdc03,java,0,2012-01-13 02:55:40 UTC
10d14fec26d9031f,c8ff662c97d345d2,5f3425c78f6bdc03,java,0,2012-01-13 02:57:39 UTC
10d14fec26d9031f,c8ff662c97d345d2,5f3425c78f6bdc03,java,0,2012-01-13 03:02:38 UTC
10d14fec26d9031f,c8ff662c97d345d2,5f3425c78f6bdc03,java,0,2012-01-13 03:42:42 UTC
9b3d21042787c3f8,c8ff662c97d345d2,2c85a2ea2f9e611e,python,0,2012-01-13 03:51:37 UTC
9b3d21042787c3f8,c8ff662c97d345d2,2c85a2ea2f9e611e,python,0,2012-01-13 03:54:57 UTC
10d14fec26d9031f,c8ff662c97d345d2,5f3425c78f6bdc03,java,0,2012-01-13 04:45:13 UTC
7cbda9ad6866e4eb,c8ff662c97d345d2,e063f6ab7a00925d,cpp,1,2012-01-13 04:48:28 UTC
7cbda9ad6866e4eb,c8ff662c97d345d2,54b24caeab906212,cpp,0,2012-01-13 05:25:21 UTC
10d14fec26d9031f,c8ff662c97d345d2,5f3425c78f6bdc03,java,0,2012-01-13 05:27:25 UTC
10d14fec26d9031f,c8ff662c97d345d2,5f3425c78f6bdc03,java,0,2012-01-14 02:04:12 UTC
10d14fec26d9031f,c8ff662c97d345d2,5f3425c78f6bdc03,java,0,2012-01-14 02:34:38 UTC
10d14fec26d9031f,c8ff662c97d345d2,5f3425c78f6bdc03,java,0,2012-01-14 03:14:47 UTC
9b3d21042787c3f8,c8ff662c97d345d2,2c85a2ea2f9e611e,python,0,2012-01-14 04:03:45 UTC
10d14fec26d9031f,c8ff662c97d345d2,5f3425c78f6bdc03,java,1,2012-01-14 06:35:36 UTC
10d14fec26d9031f,c8ff662c97d345d2,5f3425c78f6bdc03,java,1,2012-01-15 00:32:22 UTC
1a50a0e336510db3,c8ff662c97d345d2,54b24caeab906212,php,0,2012-01-15 03:07:30 UTC
10d14fec26d9031f,c8ff662c97d345d2,5f3425c78f6bdc03,python,1,2012-01-15 03:11:32 UTC
10d14fec26d9031f,c8ff662c97d345d2,5f3425c78f6bdc03,python,1,2012-01-15 03:54:33 UTC
10d14fec26d9031f,c8ff662c97d345d2,5f3425c78f6bdc03,python,1,2012-01-15 04:28:14 UTC
10d14fec26d9031f,c8ff662c97d345d2,5f3425c78f6bdc03,python,1,2012-01-15 04:37:51 UTC
10d14fec26d9031f,c8ff662c97d345d2,5f3425c78f6bdc03,ruby,0,2012-01-15 09:23:22 UTC
10d14fec26d9031f,c8ff662c97d345d2,5f3425c78f6bdc03,ruby,0,2012-01-15 09:44:39 UTC
10d14fec26d9031f,c8ff662c97d345d2,5f3425c78f6bdc03,ruby,0,2012-01-15 09:51:12 UTC
10d14fec26d9031f,c8ff662c97d345d2,5f3425c78f6bdc03,ruby,0,2012-01-15 10:01:27 UTC
10d14fec26d9031f,c8ff662c97d345d2,5f3425c78f6bdc03,ruby,0,2012-01-15 11:34:11 UTC
9cabae8270182fdc,c8ff662c97d345d2,6d95afeb4d968b91,java,0,2012-01-15 16:09:37 UTC
9cabae8270182fdc,c8ff662c97d345d2,6d95afeb4d968b91,java,0,2012-01-15 16:13:45 UTC
9cabae8270182fdc,c8ff662c97d345d2,6d95afeb4d968b91,java,0,2012-01-15 16:17:13 UTC
10d14fec26d9031f,c8ff662c97d345d2,5f3425c78f6bdc03,clojure,0,2012-01-19 05:31:08 UTC
6f6de19a0247471d,c8ff662c97d345d2,a57eeedafaa1aee0,c,0,2012-01-19 15:24:06 UTC
10d14fec26d9031f,c8ff662c97d345d2,5f3425c78f6bdc03,clojure,0,2012-01-21 07:07:19 UTC
10d14fec26d9031f,c8ff662c97d345d2,5f3425c78f6bdc03,clojure,0,2012-01-22 04:17:02 UTC
10d14fec26d9031f,c8ff662c97d345d2,5f3425c78f6bdc03,clojure,0,2012-01-22 04:49:04 UTC
10d14fec26d9031f,c8ff662c97d345d2,5f3425c78f6bdc03,clojure,0,2012-01-22 05:05:01 UTC
79071d9ef8b0d49f,c8ff662c97d345d2,a57eeedafaa1aee0,c,0,2012-01-22 14:28:14 UTC
79071d9ef8b0d49f,c8ff662c97d345d2,a57eeedafaa1aee0,c,0,2012-01-22 15:49:27 UTC
d7838f1b1d8d52fc,c8ff662c97d345d2,a57eeedafaa1aee0,python,0,2012-01-23 20:22:01 UTC
d7838f1b1d8d52fc,c8ff662c97d345d2,a57eeedafaa1aee0,python,0,2012-01-23 20:29:13 UTC
d7838f1b1d8d52fc,c8ff662c97d345d2,a57eeedafaa1aee0,python,0,2012-01-23 22:09:46 UTC
79071d9ef8b0d49f,c8ff662c97d345d2,a57eeedafaa1aee0,c,0,2012-01-24 00:21:42 UTC
79071d9ef8b0d49f,c8ff662c97d345d2,9fc95af518af1801,c,0,2012-01-24 01:04:55 UTC
79071d9ef8b0d49f,c8ff662c97d345d2,9fc95af518af1801,c,1,2012-01-24 01:34:57 UTC
79071d9ef8b0d49f,c8ff662c97d345d2,6d95afeb4d968b91,c,1,2012-01-24 13:39:14 UTC
79071d9ef8b0d49f,c8ff662c97d345d2,a57eeedafaa1aee0,c,0,2012-01-24 17:18:14 UTC
26e7a88b1647fdc4,c8ff662c97d345d2,a57eeedafaa1aee0,cpp,0,2012-01-25 15:40:53 UTC
26e7a88b1647fdc4,c8ff662c97d345d2,a57eeedafaa1aee0,cpp,0,2012-01-25 15:49:26 UTC
26e7a88b1647fdc4,c8ff662c97d345d2,a57eeedafaa1aee0,cpp,0,2012-01-25 16:05:55 UTC
26e7a88b1647fdc4,c8ff662c97d345d2,a57eeedafaa1aee0,cpp,0,2012-01-25 16:26:20 UTC
26e7a88b1647fdc4,c8ff662c97d345d2,a57eeedafaa1aee0,cpp,0,2012-01-25 16:37:22 UTC
26e7a88b1647fdc4,c8ff662c97d345d2,a57eeedafaa1aee0,cpp,0,2012-01-25 19:34:43 UTC
8368674300d58835,c8ff662c97d345d2,a57eeedafaa1aee0,cpp,0,2012-01-26 18:13:35 UTC
8368674300d58835,c8ff662c97d345d2,a57eeedafaa1aee0,cpp,0,2012-01-26 18:21:32 UTC
79071d9ef8b0d49f,c8ff662c97d345d2,a57eeedafaa1aee0,cpp,0,2012-01-27 17:30:03 UTC
624918ef3dd079bd,c8ff662c97d345d2,784eead0f87cad91,cpp,0,2012-01-28 10:26:52 UTC
10d14fec26d9031f,c8ff662c97d345d2,5f3425c78f6bdc03,haskell,0,2012-01-28 23:17:30 UTC
10d14fec26d9031f,c8ff662c97d345d2,5f3425c78f6bdc03,haskell,1,2012-01-28 23:38:54 UTC
795ea29f21990391,c8ff662c97d345d2,54b24caeab906212,java,0,2012-01-29 02:25:23 UTC
795ea29f21990391,c8ff662c97d345d2,54b24caeab906212,java,0,2012-01-29 02:31:45 UTC
795ea29f21990391,c8ff662c97d345d2,54b24caeab906212,java,0,2012-01-29 03:23:12 UTC
34f4082465a1a8bc,c8ff662c97d345d2,a57eeedafaa1aee0,python,0,2012-01-29 17:12:11 UTC
34f4082465a1a8bc,c8ff662c97d345d2,54b24caeab906212,python,0,2012-01-29 19:39:41 UTC
34f4082465a1a8bc,c8ff662c97d345d2,a57eeedafaa1aee0,python,0,2012-01-29 20:51:57 UTC
75baf2cf56d6879f,c8ff662c97d345d2,54b24caeab906212,ruby,0,2012-01-29 21:19:38 UTC
75baf2cf56d6879f,c8ff662c97d345d2,54b24caeab906212,ruby,0,2012-01-30 05:41:08 UTC
75baf2cf56d6879f,c8ff662c97d345d2,54b24caeab906212,ruby,0,2012-01-30 05:59:21 UTC
10d14fec26d9031f,c8ff662c97d345d2,5f3425c78f6bdc03,scala,0,2012-01-31 03:50:56 UTC
10d14fec26d9031f,c8ff662c97d345d2,5f3425c78f6bdc03,scala,0,2012-01-31 03:57:37 UTC
10d14fec26d9031f,c8ff662c97d345d2,5f3425c78f6bdc03,scala,1,2012-01-31 04:40:14 UTC
79071d9ef8b0d49f,c8ff662c97d345d2,638370113f88e004,c,0,2012-02-06 17:30:54 UTC
79071d9ef8b0d49f,c8ff662c97d345d2,638370113f88e004,c,0,2012-02-06 17:52:09 UTC
13120c0396e1acd4,c8ff662c97d345d2,ef71a793424ddb21,python,0,2012-02-09 01:00:39 UTC
209221210083cb2d,c8ff662c97d345d2,127df5e318d03214,java,0,2012-02-09 09:42:20 UTC
209221210083cb2d,c8ff662c97d345d2,a4d04413ee4b0b24,java,0,2012-02-09 09:42:22 UTC
209221210083cb2d,c8ff662c97d345d2,7b23d0f53a5041e6,java,0,2012-02-09 09:42:22 UTC
209221210083cb2d,c8ff662c97d345d2,77c995ae877308a5,java,0,2012-02-09 09:42:22 UTC
05d5253080e43d9f,c8ff662c97d345d2,e063f6ab7a00925d,c,0,2012-02-09 09:42:29 UTC
79071d9ef8b0d49f,c8ff662c97d345d2,e063f6ab7a00925d,c,0,2012-02-09 09:42:40 UTC
79071d9ef8b0d49f,c8ff662c97d345d2,e063f6ab7a00925d,c,0,2012-02-09 09:42:40 UTC
79071d9ef8b0d49f,c8ff662c97d345d2,9fc95af518af1801,c,0,2012-02-09 09:42:41 UTC
266d114d733af38d,c8ff662c97d345d2,54b24caeab906212,java,0,2012-02-09 09:42:43 UTC
6f6de19a0247471d,c8ff662c97d345d2,54b24caeab906212,c,0,2012-02-09 09:42:44 UTC
6f6de19a0247471d,c8ff662c97d345d2,e063f6ab7a00925d,c,0,2012-02-09 09:42:44 UTC
412599f7128d78c4,c8ff662c97d345d2,a4d04413ee4b0b24,c,0,2012-02-09 09:42:45 UTC
6f6de19a0247471d,c8ff662c97d345d2,a4d04413ee4b0b24,cpp,0,2012-02-09 09:42:46 UTC
6f6de19a0247471d,c8ff662c97d345d2,a4d04413ee4b0b24,cpp,0,2012-02-09 09:42:46 UTC
10d14fec26d9031f,c8ff662c97d345d2,5f3425c78f6bdc03,java,0,2012-02-09 09:42:53 UTC
f502e19b9b19c73e,c8ff662c97d345d2,5f3425c78f6bdc03,cpp,0,2012-02-09 09:42:53 UTC
10d14fec26d9031f,c8ff662c97d345d2,5f3425c78f6bdc03,java,0,2012-02-09 09:42:55 UTC
10d14fec26d9031f,c8ff662c97d345d2,5f3425c78f6bdc03,java,0,2012-02-09 09:42:55 UTC
10d14fec26d9031f,c8ff662c97d345d2,5f3425c78f6bdc03,java,0,2012-02-09 09:42:56 UTC
10d14fec26d9031f,c8ff662c97d345d2,5f3425c78f6bdc03,java,0,2012-02-09 09:42:56 UTC
79071d9ef8b0d49f,c8ff662c97d345d2,9fc95af518af1801,c,0,2012-02-09 09:43:00 UTC
79071d9ef8b0d49f,c8ff662c97d345d2,9fc95af518af1801,cpp,0,2012-02-09 09:43:00 UTC
79071d9ef8b0d49f,c8ff662c97d345d2,6d95afeb4d968b91,java,0,2012-02-09 09:43:00 UTC
13120c0396e1acd4,c8ff662c97d345d2,ef71a793424ddb21,python,0,2012-02-09 09:43:09 UTC
6f6de19a0247471d,c8ff662c97d345d2,9ad71a6ac8fa41c7,c,0,2012-02-10 14:17:36 UTC
6f6de19a0247471d,c8ff662c97d345d2,9ad71a6ac8fa41c7,c,0,2012-02-11 14:29:12 UTC
6f6de19a0247471d,c8ff662c97d345d2,9ad71a6ac8fa41c7,c,0,2012-02-11 14:36:38 UTC
6f6de19a0247471d,c8ff662c97d345d2,fc13509c6477c83b,c,0,2012-02-12 00:20:10 UTC
6f6de19a0247471d,c8ff662c97d345d2,fc13509c6477c83b,c,0,2012-02-12 00:23:13 UTC
6f6de19a0247471d,c8ff662c97d345d2,fc13509c6477c83b,c,0,2012-02-12 00:25:08 UTC
6f6de19a0247471d,c8ff662c97d345d2,fc13509c6477c83b,c,0,2012-02-12 00:28:39 UTC
6f6de19a0247471d,c8ff662c97d345d2,fc13509c6477c83b,c,0,2012-02-12 00:34:06 UTC
6f6de19a0247471d,c8ff662c97d345d2,fc13509c6477c83b,c,0,2012-02-12 00:36:36 UTC
79071d9ef8b0d49f,c8ff662c97d345d2,638370113f88e004,c,0,2012-02-12 00:42:36 UTC
6f6de19a0247471d,c8ff662c97d345d2,fc13509c6477c83b,c,0,2012-02-12 01:26:51 UTC
6f6de19a0247471d,c8ff662c97d345d2,fc13509c6477c83b,c,0,2012-02-12 01:26:51 UTC
6f6de19a0247471d,c8ff662c97d345d2,fc13509c6477c83b,c,0,2012-02-12 01:31:01 UTC
6f6de19a0247471d,c8ff662c97d345d2,fc13509c6477c83b,c,0,2012-02-12 10:44:14 UTC
6f6de19a0247471d,c8ff662c97d345d2,fc13509c6477c83b,c,0,2012-02-12 11:43:47 UTC
6f6de19a0247471d,c8ff662c97d345d2,fc13509c6477c83b,c,0,2012-02-12 11:45:38 UTC
6f6de19a0247471d,c8ff662c97d345d2,fc13509c6477c83b,c,0,2012-02-12 12:13:53 UTC
6f6de19a0247471d,c8ff662c97d345d2,fc13509c6477c83b,c,0,2012-02-12 12:27:11 UTC
6f6de19a0247471d,c8ff662c97d345d2,a57eeedafaa1aee0,python,0,2012-02-13 21:21:39 UTC
6f6de19a0247471d,c8ff662c97d345d2,fc13509c6477c83b,c,0,2012-02-15 13:07:01 UTC
6f6de19a0247471d,c8ff662c97d345d2,fc13509c6477c83b,c,0,2012-02-15 13:21:24 UTC
6f6de19a0247471d,c8ff662c97d345d2,fc13509c6477c83b,c,0,2012-02-15 13:32:32 UTC
6f6de19a0247471d,c8ff662c97d345d2,fc13509c6477c83b,c,0,2012-02-15 13:40:01 UTC
ab738adf088139a6,c8ff662c97d345d2,a57eeedafaa1aee0,php,0,2012-02-15 17:56:07 UTC
ab738adf088139a6,c8ff662c97d345d2,a57eeedafaa1aee0,php,0,2012-02-15 18:13:33 UTC
ab738adf088139a6,c8ff662c97d345d2,a57eeedafaa1aee0,php,0,2012-02-15 20:18:26 UTC
ab738adf088139a6,c8ff662c97d345d2,a57eeedafaa1aee0,php,0,2012-02-15 20:22:53 UTC
ab738adf088139a6,c8ff662c97d345d2,a57eeedafaa1aee0,php,0,2012-02-15 20:33:24 UTC
ab738adf088139a6,c8ff662c97d345d2,a57eeedafaa1aee0,php,0,2012-02-15 20:44:03 UTC
ab738adf088139a6,c8ff662c97d345d2,a57eeedafaa1aee0,php,0,2012-02-15 20:50:36 UTC
ab738adf088139a6,c8ff662c97d345d2,54b24caeab906212,php,0,2012-02-16 19:31:52 UTC
7b7c3f921c977881,c8ff662c97d345d2,ef71a793424ddb21,php,0,2012-02-17 07:44:43 UTC
178c5baf90fe454a,c8ff662c97d345d2,6d95afeb4d968b91,csharp,0,2012-02-18 09:46:14 UTC
a2767664032b61be,c8ff662c97d345d2,77c995ae877308a5,c,0,2012-02-18 11:11:11 UTC
7b7c3f921c977881,c8ff662c97d345d2,ef71a793424ddb21,c,0,2012-02-19 00:33:44 UTC
7b7c3f921c977881,c8ff662c97d345d2,ef71a793424ddb21,php,0,2012-02-19 01:48:52 UTC
7b7c3f921c977881,c8ff662c97d345d2,ef71a793424ddb21,php,0,2012-02-20 01:20:32 UTC
7b7c3f921c977881,c8ff662c97d345d2,e9afaf1f12f1c110,php,0,2012-02-20 01:56:03 UTC
7b7c3f921c977881,c8ff662c97d345d2,e9afaf1f12f1c110,php,0,2012-02-20 01:57:08 UTC
79071d9ef8b0d49f,c8ff662c97d345d2,638370113f88e004,c,0,2012-02-21 04:23:45 UTC
79071d9ef8b0d49f,c8ff662c97d345d2,a57eeedafaa1aee0,cpp,0,2012-02-21 04:43:19 UTC
ad37db44fa664468,c8ff662c97d345d2,6d95afeb4d968b91,csharp,0,2012-02-22 15:26:18 UTC
ad37db44fa664468,c8ff662c97d345d2,4f19d57d6590439b,csharp,0,2012-02-22 15:44:27 UTC
ad37db44fa664468,c8ff662c97d345d2,54b24caeab906212,java,0,2012-02-22 20:50:30 UTC
69f4b4c4607cdc48,c8ff662c97d345d2,6d95afeb4d968b91,cpp,1,2012-02-24 06:28:11 UTC
69f4b4c4607cdc48,c8ff662c97d345d2,e063f6ab7a00925d,cpp,0,2012-02-24 06:55:04 UTC
69f4b4c4607cdc48,c8ff662c97d345d2,127df5e318d03214,cpp,0,2012-02-24 13:12:27 UTC
69f4b4c4607cdc48,c8ff662c97d345d2,127df5e318d03214,cpp,0,2012-02-24 13:16:58 UTC
69f4b4c4607cdc48,c8ff662c97d345d2,127df5e318d03214,cpp,1,2012-02-24 14:05:43 UTC
7d0aae69d34a4b22,c8ff662c97d345d2,e9afaf1f12f1c110,cpp,0,2012-02-24 15:58:30 UTC
7d0aae69d34a4b22,c8ff662c97d345d2,e9afaf1f12f1c110,cpp,0,2012-02-24 16:33:03 UTC
7d0aae69d34a4b22,c8ff662c97d345d2,e9afaf1f12f1c110,cpp,0,2012-02-24 16:43:53 UTC
7d0aae69d34a4b22,c8ff662c97d345d2,e9afaf1f12f1c110,cpp,0,2012-02-24 17:23:29 UTC
7d0aae69d34a4b22,c8ff662c97d345d2,e9afaf1f12f1c110,cpp,0,2012-02-25 00:23:18 UTC
7d0aae69d34a4b22,c8ff662c97d345d2,e9afaf1f12f1c110,cpp,0,2012-02-25 00:56:47 UTC
14f6453072c44f3a,c8ff662c97d345d2,9ad71a6ac8fa41c7,cpp,0,2012-02-25 12:03:22 UTC
14f6453072c44f3a,c8ff662c97d345d2,9ad71a6ac8fa41c7,cpp,0,2012-02-25 12:08:11 UTC
7d0aae69d34a4b22,c8ff662c97d345d2,a4d04413ee4b0b24,cpp,0,2012-02-25 12:35:11 UTC
7d0aae69d34a4b22,c8ff662c97d345d2,a4d04413ee4b0b24,cpp,0,2012-02-25 12:49:16 UTC
14f6453072c44f3a,c8ff662c97d345d2,9ad71a6ac8fa41c7,cpp,0,2012-02-25 12:51:12 UTC
7d0aae69d34a4b22,c8ff662c97d345d2,a4d04413ee4b0b24,cpp,0,2012-02-25 13:06:18 UTC
7d0aae69d34a4b22,c8ff662c97d345d2,a4d04413ee4b0b24,cpp,0,2012-02-25 13:32:24 UTC
7d0aae69d34a4b22,c8ff662c97d345d2,a4d04413ee4b0b24,cpp,0,2012-02-25 13:38:32 UTC
7d0aae69d34a4b22,c8ff662c97d345d2,a4d04413ee4b0b24,cpp,0,2012-02-25 13:41:46 UTC
7d0aae69d34a4b22,c8ff662c97d345d2,e9afaf1f12f1c110,cpp,0,2012-02-25 13:49:15 UTC
283c71b010ab6259,c8ff662c97d345d2,a57eeedafaa1aee0,cpp,0,2012-02-25 14:02:52 UTC
283c71b010ab6259,c8ff662c97d345d2,a57eeedafaa1aee0,cpp,0,2012-02-25 14:06:06 UTC
7d0aae69d34a4b22,c8ff662c97d345d2,a4d04413ee4b0b24,cpp,0,2012-02-25 14:10:27 UTC
7d0aae69d34a4b22,c8ff662c97d345d2,29f66142f6e0fed2,cpp,0,2012-02-25 14:39:34 UTC
7d0aae69d34a4b22,c8ff662c97d345d2,29f66142f6e0fed2,cpp,0,2012-02-25 14:53:05 UTC
238fb334ed38de9a,c8ff662c97d345d2,6d95afeb4d968b91,cpp,0,2012-02-25 20:14:44 UTC
266d114d733af38d,c8ff662c97d345d2,5d5d5ecc4f8e0a34,java,0,2012-02-25 22:16:01 UTC
1d08da3a6b512153,c8ff662c97d345d2,5d5d5ecc4f8e0a34,cpp,0,2012-02-25 22:27:45 UTC
1d08da3a6b512153,c8ff662c97d345d2,5d5d5ecc4f8e0a34,cpp,0,2012-02-25 22:36:05 UTC
1d08da3a6b512153,c8ff662c97d345d2,5d5d5ecc4f8e0a34,cpp,0,2012-02-25 23:10:52 UTC
ee96bdb2d82d783a,c8ff662c97d345d2,5d5d5ecc4f8e0a34,cpp,0,2012-02-25 23:14:06 UTC
ee96bdb2d82d783a,c8ff662c97d345d2,5d5d5ecc4f8e0a34,cpp,0,2012-02-26 00:58:49 UTC
7d0aae69d34a4b22,c8ff662c97d345d2,77c995ae877308a5,cpp,0,2012-02-26 18:33:59 UTC
7d0aae69d34a4b22,c8ff662c97d345d2,77c995ae877308a5,cpp,0,2012-02-26 19:30:55 UTC
7d0aae69d34a4b22,c8ff662c97d345d2,77c995ae877308a5,cpp,0,2012-02-26 19:49:35 UTC
7d0aae69d34a4b22,c8ff662c97d345d2,77c995ae877308a5,cpp,0,2012-02-26 20:48:09 UTC
7d0aae69d34a4b22,c8ff662c97d345d2,6d95afeb4d968b91,cpp,0,2012-02-26 21:09:20 UTC
7d0aae69d34a4b22,c8ff662c97d345d2,6d95afeb4d968b91,cpp,1,2012-02-26 21:12:04 UTC
7d0aae69d34a4b22,c8ff662c97d345d2,e063f6ab7a00925d,cpp,0,2012-02-26 22:57:32 UTC
7d0aae69d34a4b22,c8ff662c97d345d2,e063f6ab7a00925d,cpp,0,2012-02-27 02:35:15 UTC
7c1103a74f6d12cd,c8ff662c97d345d2,6d95afeb4d968b91,c,0,2012-02-27 10:24:56 UTC
7c1103a74f6d12cd,c8ff662c97d345d2,a4d04413ee4b0b24,c,0,2012-02-27 18:09:03 UTC
feba142063d9b529,c8ff662c97d345d2,5f3425c78f6bdc03,ruby,0,2012-02-27 19:55:16 UTC
feba142063d9b529,c8ff662c97d345d2,5f3425c78f6bdc03,ruby,0,2012-02-27 22:42:30 UTC
7d0aae69d34a4b22,c8ff662c97d345d2,e063f6ab7a00925d,cpp,1,2012-02-27 22:54:05 UTC
feba142063d9b529,c8ff662c97d345d2,5f3425c78f6bdc03,ruby,0,2012-02-27 23:03:18 UTC
ad37db44fa664468,c8ff662c97d345d2,54b24caeab906212,java,0,2012-02-28 13:22:20 UTC
ad37db44fa664468,c8ff662c97d345d2,54b24caeab906212,java,0,2012-02-28 13:32:08 UTC
7d0aae69d34a4b22,c8ff662c97d345d2,1219e2eb2c8541ab,cpp,0,2012-02-28 14:11:55 UTC
7d0aae69d34a4b22,c8ff662c97d345d2,e9afaf1f12f1c110,cpp,0,2012-02-28 14:19:53 UTC
7d0aae69d34a4b22,c8ff662c97d345d2,e9afaf1f12f1c110,cpp,0,2012-02-28 14:26:53 UTC
ad37db44fa664468,c8ff662c97d345d2,54b24caeab906212,java,0,2012-02-28 14:38:33 UTC
ad37db44fa664468,c8ff662c97d345d2,54b24caeab906212,java,0,2012-02-28 14:46:56 UTC
ad37db44fa664468,c8ff662c97d345d2,54b24caeab906212,java,0,2012-02-28 14:52:27 UTC
ad37db44fa664468,c8ff662c97d345d2,54b24caeab906212,java,0,2012-02-28 15:03:48 UTC
ad37db44fa664468,c8ff662c97d345d2,54b24caeab906212,java,0,2012-02-28 15:11:06 UTC
ad37db44fa664468,c8ff662c97d345d2,54b24caeab906212,java,0,2012-02-28 15:12:49 UTC
ad37db44fa664468,c8ff662c97d345d2,54b24caeab906212,java,0,2012-02-28 15:16:46 UTC
ad37db44fa664468,c8ff662c97d345d2,54b24caeab906212,java,0,2012-02-28 15:23:04 UTC
493d318ccd78451a,c8ff662c97d345d2,3b529a841c6eedd1,c,0,2012-02-29 09:51:32 UTC
493d318ccd78451a,c8ff662c97d345d2,3b529a841c6eedd1,c,0,2012-02-29 10:12:26 UTC
493d318ccd78451a,c8ff662c97d345d2,3b529a841c6eedd1,c,0,2012-02-29 10:22:49 UTC
493d318ccd78451a,c8ff662c97d345d2,3b529a841c6eedd1,c,0,2012-02-29 10:31:50 UTC
493d318ccd78451a,c8ff662c97d345d2,3b529a841c6eedd1,c,0,2012-02-29 10:56:57 UTC
493d318ccd78451a,c8ff662c97d345d2,3b529a841c6eedd1,c,0,2012-02-29 11:01:07 UTC
493d318ccd78451a,c8ff662c97d345d2,e9afaf1f12f1c110,c,0,2012-02-29 13:14:10 UTC
493d318ccd78451a,c8ff662c97d345d2,e9afaf1f12f1c110,c,0,2012-02-29 15:58:57 UTC
87f357d9d42baf05,c8ff662c97d345d2,54b24caeab906212,csharp,0,2012-03-01 00:19:18 UTC
69f4b4c4607cdc48,c8ff662c97d345d2,d6bc2d9001030958,cpp,1,2012-03-02 11:28:21 UTC
69f4b4c4607cdc48,c8ff662c97d345d2,eb1c02ce8ab444ba,cpp,0,2012-03-02 12:20:23 UTC
69f4b4c4607cdc48,c8ff662c97d345d2,eb1c02ce8ab444ba,cpp,1,2012-03-03 09:50:11 UTC
69f4b4c4607cdc48,c8ff662c97d345d2,eb1c02ce8ab444ba,cpp,1,2012-03-03 09:59:26 UTC
0afa5d396aa72868,c8ff662c97d345d2,a57eeedafaa1aee0,php,0,2012-03-03 10:25:20 UTC
6cb954be439f8917,c8ff662c97d345d2,d6bc2d9001030958,cpp,0,2012-03-03 11:30:39 UTC
6cb954be439f8917,c8ff662c97d345d2,d6bc2d9001030958,cpp,0,2012-03-03 11:36:40 UTC
6cb954be439f8917,c8ff662c97d345d2,d6bc2d9001030958,cpp,1,2012-03-03 11:43:58 UTC
ccf2643a7b0ea585,c8ff662c97d345d2,d6bc2d9001030958,cpp,0,2012-03-03 12:39:58 UTC
ccf2643a7b0ea585,c8ff662c97d345d2,d6bc2d9001030958,cpp,0,2012-03-03 12:39:59 UTC
6cb954be439f8917,c8ff662c97d345d2,eb1c02ce8ab444ba,cpp,0,2012-03-03 13:35:43 UTC
6cb954be439f8917,c8ff662c97d345d2,eb1c02ce8ab444ba,cpp,0,2012-03-03 13:39:25 UTC
69f4b4c4607cdc48,c8ff662c97d345d2,54b24caeab906212,cpp,0,2012-03-03 14:47:25 UTC
69f4b4c4607cdc48,c8ff662c97d345d2,54b24caeab906212,cpp,0,2012-03-03 14:50:55 UTC
69f4b4c4607cdc48,c8ff662c97d345d2,54b24caeab906212,cpp,0,2012-03-03 14:51:16 UTC
69f4b4c4607cdc48,c8ff662c97d345d2,54b24caeab906212,cpp,0,2012-03-03 14:53:07 UTC
69f4b4c4607cdc48,c8ff662c97d345d2,54b24caeab906212,cpp,0,2012-03-03 14:54:32 UTC
69f4b4c4607cdc48,c8ff662c97d345d2,54b24caeab906212,cpp,1,2012-03-03 15:05:29 UTC
69f4b4c4607cdc48,c8ff662c97d345d2,0f7e31aa333343e7,cpp,0,2012-03-03 16:50:36 UTC
9c2aa1f9cecad506,339098c8ff16a82f,e5c70c8f2cc34944,python,0,2012-03-03 23:54:52 UTC
ee96bdb2d82d783a,339098c8ff16a82f,a5078d76dc44a2db,python,0,2012-03-03 23:55:15 UTC
9c2aa1f9cecad506,339098c8ff16a82f,e5c70c8f2cc34944,python,0,2012-03-03 23:59:29 UTC
9c2aa1f9cecad506,339098c8ff16a82f,01823aea0dedf6b6,python,0,2012-03-04 01:23:30 UTC
9c2aa1f9cecad506,339098c8ff16a82f,01823aea0dedf6b6,python,0,2012-03-04 01:26:30 UTC
8397513a880966bb,339098c8ff16a82f,e5c70c8f2cc34944,java,0,2012-03-04 01:33:19 UTC
9c2aa1f9cecad506,339098c8ff16a82f,01823aea0dedf6b6,python,0,2012-03-04 01:34:06 UTC
9c2aa1f9cecad506,339098c8ff16a82f,01823aea0dedf6b6,python,0,2012-03-04 01:35:06 UTC
9c2aa1f9cecad506,339098c8ff16a82f,01823aea0dedf6b6,python,0,2012-03-04 01:36:16 UTC
9c2aa1f9cecad506,339098c8ff16a82f,01823aea0dedf6b6,python,0,2012-03-04 01:39:30 UTC
9c2aa1f9cecad506,339098c8ff16a82f,01823aea0dedf6b6,python,0,2012-03-04 01:40:59 UTC
9c2aa1f9cecad506,339098c8ff16a82f,01823aea0dedf6b6,python,0,2012-03-04 01:42:07 UTC
f16ee70ca8a81709,339098c8ff16a82f,a4748d8839f26d3f,cpp,0,2012-03-04 01:44:28 UTC
9c2aa1f9cecad506,339098c8ff16a82f,01823aea0dedf6b6,python,0,2012-03-04 01:44:56 UTC
ee96bdb2d82d783a,339098c8ff16a82f,a4748d8839f26d3f,cpp,0,2012-03-04 01:45:56 UTC
9c2aa1f9cecad506,339098c8ff16a82f,01823aea0dedf6b6,python,0,2012-03-04 01:47:15 UTC
9c2aa1f9cecad506,339098c8ff16a82f,01823aea0dedf6b6,python,0,2012-03-04 01:50:11 UTC
9c2aa1f9cecad506,339098c8ff16a82f,01823aea0dedf6b6,python,0,2012-03-04 01:51:38 UTC
9c2aa1f9cecad506,339098c8ff16a82f,01823aea0dedf6b6,python,0,2012-03-04 01:53:03 UTC
9c2aa1f9cecad506,339098c8ff16a82f,01823aea0dedf6b6,python,0,2012-03-04 01:55:19 UTC
9c2aa1f9cecad506,339098c8ff16a82f,01823aea0dedf6b6,python,0,2012-03-04 01:57:15 UTC
9c2aa1f9cecad506,339098c8ff16a82f,01823aea0dedf6b6,python,0,2012-03-04 01:58:41 UTC
8397513a880966bb,339098c8ff16a82f,e5c70c8f2cc34944,java,0,2012-03-04 02:03:18 UTC
9c2aa1f9cecad506,339098c8ff16a82f,01823aea0dedf6b6,python,0,2012-03-04 02:04:52 UTC
8397513a880966bb,339098c8ff16a82f,e5c70c8f2cc34944,java,0,2012-03-04 02:05:33 UTC
9c2aa1f9cecad506,339098c8ff16a82f,01823aea0dedf6b6,python,0,2012-03-04 02:06:29 UTC
9c2aa1f9cecad506,339098c8ff16a82f,01823aea0dedf6b6,python,0,2012-03-04 02:07:47 UTC
9c2aa1f9cecad506,339098c8ff16a82f,01823aea0dedf6b6,python,0,2012-03-04 02:10:18 UTC
9c2aa1f9cecad506,339098c8ff16a82f,01823aea0dedf6b6,python,0,2012-03-04 02:13:38 UTC
9c2aa1f9cecad506,339098c8ff16a82f,01823aea0dedf6b6,python,0,2012-03-04 02:14:52 UTC
9c2aa1f9cecad506,339098c8ff16a82f,01823aea0dedf6b6,python,0,2012-03-04 02:15:31 UTC
9c2aa1f9cecad506,339098c8ff16a82f,01823aea0dedf6b6,python,0,2012-03-04 02:17:55 UTC
9c2aa1f9cecad506,339098c8ff16a82f,01823aea0dedf6b6,python,0,2012-03-04 02:21:19 UTC
9c2aa1f9cecad506,339098c8ff16a82f,01823aea0dedf6b6,python,0,2012-03-04 02:22:50 UTC
9c2aa1f9cecad506,339098c8ff16a82f,01823aea0dedf6b6,python,0,2012-03-04 02:26:27 UTC
ee96bdb2d82d783a,339098c8ff16a82f,a4748d8839f26d3f,cpp,0,2012-03-04 02:38:34 UTC
8397513a880966bb,339098c8ff16a82f,e5c70c8f2cc34944,java,0,2012-03-04 02:40:38 UTC
9c2aa1f9cecad506,339098c8ff16a82f,01823aea0dedf6b6,python,0,2012-03-04 02:57:10 UTC
9c2aa1f9cecad506,339098c8ff16a82f,01823aea0dedf6b6,python,0,2012-03-04 03:00:57 UTC
ee96bdb2d82d783a,339098c8ff16a82f,01823aea0dedf6b6,cpp,0,2012-03-04 03:15:07 UTC
266d114d733af38d,339098c8ff16a82f,01823aea0dedf6b6,java,0,2012-03-04 03:32:35 UTC
266d114d733af38d,339098c8ff16a82f,01823aea0dedf6b6,java,0,2012-03-04 03:34:48 UTC
8397513a880966bb,339098c8ff16a82f,e5c70c8f2cc34944,java,0,2012-03-04 03:35:32 UTC
266d114d733af38d,339098c8ff16a82f,01823aea0dedf6b6,java,0,2012-03-04 03:38:48 UTC
8397513a880966bb,339098c8ff16a82f,e5c70c8f2cc34944,java,0,2012-03-04 03:41:01 UTC
8397513a880966bb,339098c8ff16a82f,e5c70c8f2cc34944,java,0,2012-03-04 03:54:48 UTC
69f4b4c4607cdc48,c8ff662c97d345d2,e9afaf1f12f1c110,cpp,0,2012-03-04 05:05:23 UTC
0d7cf771a554c004,c8ff662c97d345d2,ef71a793424ddb21,cpp,0,2012-03-04 11:59:52 UTC
0d7cf771a554c004,c8ff662c97d345d2,ef71a793424ddb21,cpp,1,2012-03-04 12:30:10 UTC
3ab377c63530db99,c8ff662c97d345d2,a57eeedafaa1aee0,c,0,2012-03-04 13:25:30 UTC
3ab377c63530db99,c8ff662c97d345d2,a57eeedafaa1aee0,c,0,2012-03-04 13:37:49 UTC
3ab377c63530db99,c8ff662c97d345d2,a57eeedafaa1aee0,c,0,2012-03-04 13:46:22 UTC
3ab377c63530db99,c8ff662c97d345d2,a57eeedafaa1aee0,c,0,2012-03-04 14:02:45 UTC
0d7cf771a554c004,c8ff662c97d345d2,e063f6ab7a00925d,cpp,0,2012-03-04 14:03:53 UTC
0d7cf771a554c004,c8ff662c97d345d2,e063f6ab7a00925d,cpp,1,2012-03-04 14:18:02 UTC
3ab377c63530db99,c8ff662c97d345d2,a57eeedafaa1aee0,c,0,2012-03-04 14:45:46 UTC
0d7cf771a554c004,c8ff662c97d345d2,6d95afeb4d968b91,cpp,1,2012-03-04 14:49:26 UTC
3ab377c63530db99,c8ff662c97d345d2,a57eeedafaa1aee0,c,0,2012-03-04 15:07:07 UTC
3ab377c63530db99,c8ff662c97d345d2,a57eeedafaa1aee0,c,0,2012-03-04 15:16:04 UTC
0d7cf771a554c004,c8ff662c97d345d2,030abce42f870949,cpp,1,2012-03-04 15:32:49 UTC
cea9d8169aa48fe1,c8ff662c97d345d2,3b529a841c6eedd1,java,0,2012-03-04 17:45:28 UTC
1d390953116c7620,c8ff662c97d345d2,fc13509c6477c83b,php,0,2012-03-04 18:00:52 UTC
3ab377c63530db99,c8ff662c97d345d2,a57eeedafaa1aee0,c,0,2012-03-04 18:11:19 UTC
1d390953116c7620,c8ff662c97d345d2,fc13509c6477c83b,php,0,2012-03-04 18:12:29 UTC
3ab377c63530db99,c8ff662c97d345d2,a57eeedafaa1aee0,c,0,2012-03-04 18:13:30 UTC
1d390953116c7620,c8ff662c97d345d2,fc13509c6477c83b,php,0,2012-03-04 18:21:45 UTC
1d390953116c7620,c8ff662c97d345d2,fc13509c6477c83b,php,0,2012-03-04 18:22:12 UTC
3ab377c63530db99,c8ff662c97d345d2,a57eeedafaa1aee0,c,0,2012-03-04 18:22:50 UTC
cea9d8169aa48fe1,c8ff662c97d345d2,3b529a841c6eedd1,java,0,2012-03-04 18:25:52 UTC
1d390953116c7620,c8ff662c97d345d2,fc13509c6477c83b,php,0,2012-03-04 18:28:40 UTC
3ab377c63530db99,c8ff662c97d345d2,a57eeedafaa1aee0,c,0,2012-03-04 18:35:00 UTC
1d390953116c7620,c8ff662c97d345d2,fc13509c6477c83b,php,0,2012-03-04 18:35:50 UTC
3ab377c63530db99,c8ff662c97d345d2,a57eeedafaa1aee0,c,0,2012-03-04 18:40:55 UTC
1d390953116c7620,c8ff662c97d345d2,fc13509c6477c83b,php,0,2012-03-04 18:41:06 UTC
3ab377c63530db99,c8ff662c97d345d2,a57eeedafaa1aee0,c,0,2012-03-04 18:47:56 UTC
3ab377c63530db99,c8ff662c97d345d2,a57eeedafaa1aee0,c,0,2012-03-04 18:51:18 UTC
3ab377c63530db99,c8ff662c97d345d2,a57eeedafaa1aee0,c,0,2012-03-04 19:00:01 UTC
1d390953116c7620,c8ff662c97d345d2,fc13509c6477c83b,php,0,2012-03-04 19:00:14 UTC
1d390953116c7620,c8ff662c97d345d2,fc13509c6477c83b,php,0,2012-03-04 19:06:06 UTC
1d390953116c7620,c8ff662c97d345d2,fc13509c6477c83b,php,0,2012-03-04 19:11:59 UTC
1d390953116c7620,c8ff662c97d345d2,fc13509c6477c83b,php,0,2012-03-04 19:22:33 UTC
266d114d733af38d,339098c8ff16a82f,01823aea0dedf6b6,java,0,2012-03-04 20:18:52 UTC
266d114d733af38d,339098c8ff16a82f,01823aea0dedf6b6,java,0,2012-03-04 20:31:35 UTC
266d114d733af38d,339098c8ff16a82f,01823aea0dedf6b6,java,0,2012-03-04 21:34:47 UTC
266d114d733af38d,339098c8ff16a82f,01823aea0dedf6b6,java,0,2012-03-04 22:39:16 UTC
266d114d733af38d,339098c8ff16a82f,01823aea0dedf6b6,java,0,2012-03-04 22:53:32 UTC
9c2aa1f9cecad506,339098c8ff16a82f,01823aea0dedf6b6,python,0,2012-03-04 23:22:31 UTC
9c2aa1f9cecad506,339098c8ff16a82f,01823aea0dedf6b6,python,0,2012-03-04 23:29:02 UTC
266d114d733af38d,339098c8ff16a82f,01823aea0dedf6b6,java,0,2012-03-04 23:33:20 UTC
9c2aa1f9cecad506,339098c8ff16a82f,01823aea0dedf6b6,python,0,2012-03-04 23:34:18 UTC
9c2aa1f9cecad506,339098c8ff16a82f,01823aea0dedf6b6,python,0,2012-03-04 23:37:02 UTC
9c2aa1f9cecad506,339098c8ff16a82f,01823aea0dedf6b6,python,0,2012-03-04 23:38:23 UTC
9c2aa1f9cecad506,339098c8ff16a82f,01823aea0dedf6b6,python,0,2012-03-04 23:44:07 UTC
af8b1cfc3f11cceb,339098c8ff16a82f,e5c70c8f2cc34944,ruby,0,2012-03-05 00:09:41 UTC
af8b1cfc3f11cceb,339098c8ff16a82f,e5c70c8f2cc34944,ruby,0,2012-03-05 00:25:34 UTC
af8b1cfc3f11cceb,339098c8ff16a82f,e5c70c8f2cc34944,ruby,0,2012-03-05 00:35:11 UTC
af8b1cfc3f11cceb,339098c8ff16a82f,e5c70c8f2cc34944,ruby,0,2012-03-05 00:39:14 UTC
af8b1cfc3f11cceb,339098c8ff16a82f,e5c70c8f2cc34944,ruby,0,2012-03-05 00:47:31 UTC
af8b1cfc3f11cceb,339098c8ff16a82f,e5c70c8f2cc34944,ruby,0,2012-03-05 00:55:21 UTC
af8b1cfc3f11cceb,339098c8ff16a82f,e5c70c8f2cc34944,ruby,0,2012-03-05 01:03:50 UTC
af8b1cfc3f11cceb,339098c8ff16a82f,e5c70c8f2cc34944,ruby,0,2012-03-05 01:08:37 UTC
af8b1cfc3f11cceb,339098c8ff16a82f,e5c70c8f2cc34944,ruby,0,2012-03-05 01:13:55 UTC
266d114d733af38d,339098c8ff16a82f,01823aea0dedf6b6,java,0,2012-03-05 01:53:18 UTC
0d7cf771a554c004,c8ff662c97d345d2,54b24caeab906212,cpp,0,2012-03-05 02:16:44 UTC
0d7cf771a554c004,c8ff662c97d345d2,54b24caeab906212,cpp,1,2012-03-05 02:30:04 UTC
266d114d733af38d,339098c8ff16a82f,01823aea0dedf6b6,java,0,2012-03-05 03:25:32 UTC
266d114d733af38d,339098c8ff16a82f,01823aea0dedf6b6,java,0,2012-03-05 03:37:38 UTC
c7fd25d5c86d51dd,c8ff662c97d345d2,6d95afeb4d968b91,c,1,2012-03-05 03:47:46 UTC
cea9d8169aa48fe1,c8ff662c97d345d2,3b529a841c6eedd1,java,0,2012-03-05 05:17:41 UTC
0d7cf771a554c004,c8ff662c97d345d2,3b529a841c6eedd1,cpp,0,2012-03-05 05:39:54 UTC
0d7cf771a554c004,c8ff662c97d345d2,3b529a841c6eedd1,cpp,0,2012-03-05 05:53:13 UTC
0d7cf771a554c004,c8ff662c97d345d2,3b529a841c6eedd1,cpp,0,2012-03-05 06:00:38 UTC
0d7cf771a554c004,c8ff662c97d345d2,3b529a841c6eedd1,cpp,1,2012-03-05 06:05:25 UTC
1d08da3a6b512153,339098c8ff16a82f,e5c70c8f2cc34944,cpp,0,2012-03-05 06:21:46 UTC
3ab377c63530db99,c8ff662c97d345d2,a57eeedafaa1aee0,c,0,2012-03-05 07:27:16 UTC
3ab377c63530db99,c8ff662c97d345d2,a57eeedafaa1aee0,c,0,2012-03-05 07:33:45 UTC
3ab377c63530db99,c8ff662c97d345d2,a57eeedafaa1aee0,c,0,2012-03-05 08:11:51 UTC
3ab377c63530db99,c8ff662c97d345d2,a57eeedafaa1aee0,c,0,2012-03-05 08:21:04 UTC
3ab377c63530db99,c8ff662c97d345d2,a57eeedafaa1aee0,c,0,2012-03-05 08:29:45 UTC
3ab377c63530db99,c8ff662c97d345d2,a57eeedafaa1aee0,c,0,2012-03-05 08:54:38 UTC
3ab377c63530db99,c8ff662c97d345d2,a57eeedafaa1aee0,c,0,2012-03-05 09:01:08 UTC
c7fd25d5c86d51dd,c8ff662c97d345d2,77c995ae877308a5,c,0,2012-03-05 09:02:53 UTC
1d08da3a6b512153,c8ff662c97d345d2,3b529a841c6eedd1,cpp,0,2012-03-05 10:24:15 UTC
0d7cf771a554c004,c8ff662c97d345d2,2c85a2ea2f9e611e,cpp,1,2012-03-05 12:22:06 UTC
0d7cf771a554c004,c8ff662c97d345d2,638370113f88e004,cpp,1,2012-03-05 13:05:30 UTC
0d7cf771a554c004,c8ff662c97d345d2,60c1cbfd93eae4ef,cpp,0,2012-03-05 13:27:59 UTC
af8b1cfc3f11cceb,339098c8ff16a82f,e5c70c8f2cc34944,ruby,0,2012-03-05 13:32:49 UTC
0d7cf771a554c004,c8ff662c97d345d2,60c1cbfd93eae4ef,cpp,1,2012-03-05 14:52:55 UTC
af8b1cfc3f11cceb,339098c8ff16a82f,e5c70c8f2cc34944,ruby,0,2012-03-05 15:24:20 UTC
af8b1cfc3f11cceb,339098c8ff16a82f,e5c70c8f2cc34944,ruby,0,2012-03-05 15:53:39 UTC
af8b1cfc3f11cceb,339098c8ff16a82f,e5c70c8f2cc34944,ruby,0,2012-03-05 15:57:41 UTC
c7fd25d5c86d51dd,c8ff662c97d345d2,127df5e318d03214,c,1,2012-03-05 16:05:02 UTC
af8b1cfc3f11cceb,339098c8ff16a82f,e5c70c8f2cc34944,ruby,0,2012-03-05 16:25:59 UTC
0d7cf771a554c004,c8ff662c97d345d2,127df5e318d03214,cpp,1,2012-03-05 17:25:31 UTC
c7fd25d5c86d51dd,c8ff662c97d345d2,127df5e318d03214,c,1,2012-03-05 19:50:26 UTC
c7fd25d5c86d51dd,c8ff662c97d345d2,6d95afeb4d968b91,c,1,2012-03-05 19:53:20 UTC
c7fd25d5c86d51dd,c8ff662c97d345d2,a4d04413ee4b0b24,c,0,2012-03-05 19:55:18 UTC
0d7cf771a554c004,c8ff662c97d345d2,0f7e31aa333343e7,cpp,1,2012-03-06 04:53:40 UTC
0d7cf771a554c004,c8ff662c97d345d2,1219e2eb2c8541ab,cpp,0,2012-03-06 06:26:45 UTC
0d7cf771a554c004,c8ff662c97d345d2,1219e2eb2c8541ab,cpp,1,2012-03-06 06:32:46 UTC
0d7cf771a554c004,c8ff662c97d345d2,95aa5f20dd6810f4,cpp,1,2012-03-06 07:11:35 UTC
3ab377c63530db99,c8ff662c97d345d2,a57eeedafaa1aee0,c,0,2012-03-06 08:07:19 UTC
c7fd25d5c86d51dd,c8ff662c97d345d2,a4d04413ee4b0b24,c,0,2012-03-06 11:43:07 UTC
0d7cf771a554c004,c8ff662c97d345d2,fc13509c6477c83b,cpp,0,2012-03-07 04:51:47 UTC
0d7cf771a554c004,c8ff662c97d345d2,fc13509c6477c83b,cpp,0,2012-03-07 05:05:05 UTC
0d7cf771a554c004,c8ff662c97d345d2,fc13509c6477c83b,cpp,0,2012-03-07 05:23:10 UTC
0d7cf771a554c004,c8ff662c97d345d2,fc13509c6477c83b,cpp,0,2012-03-07 05:50:54 UTC
0d7cf771a554c004,c8ff662c97d345d2,fc13509c6477c83b,cpp,0,2012-03-07 07:56:26 UTC
0d7cf771a554c004,c8ff662c97d345d2,fc13509c6477c83b,cpp,0,2012-03-07 08:08:47 UTC
0d7cf771a554c004,c8ff662c97d345d2,fc13509c6477c83b,cpp,0,2012-03-07 11:21:15 UTC
0d7cf771a554c004,c8ff662c97d345d2,fc13509c6477c83b,cpp,0,2012-03-07 11:23:50 UTC
3ab377c63530db99,c8ff662c97d345d2,54b24caeab906212,c,0,2012-03-07 19:27:23 UTC
3ab377c63530db99,c8ff662c97d345d2,54b24caeab906212,c,0,2012-03-07 19:37:13 UTC
3ab377c63530db99,c8ff662c97d345d2,54b24caeab906212,c,0,2012-03-07 19:41:01 UTC
c7fd25d5c86d51dd,c8ff662c97d345d2,95aa5f20dd6810f4,c,0,2012-03-08 11:25:25 UTC
